"STATION","NAME","LATITUDE","LONGITUDE","ELEVATION","DATE","AWND","AWND_ATTRIBUTES","CDSD","CDSD_ATTRIBUTES","CLDD","CLDD_ATTRIBUTES","DP01","DP01_ATTRIBUTES","DP10","DP10_ATTRIBUTES","DSND","DSND_ATTRIBUTES","DSNW","DSNW_ATTRIBUTES","DT00","DT00_ATTRIBUTES","DT32","DT32_ATTRIBUTES","DX32","DX32_ATTRIBUTES","DX70","DX70_ATTRIBUTES","DX90","DX90_ATTRIBUTES","EMNT","EMNT_ATTRIBUTES","EMSD","EMSD_ATTRIBUTES","EMSN","EMSN_ATTRIBUTES","EMXP","EMXP_ATTRIBUTES","EMXT","EMXT_ATTRIBUTES","EVAP","EVAP_ATTRIBUTES","FZF0","FZF0_ATTRIBUTES","FZF1","FZF1_ATTRIBUTES","FZF2","FZF2_ATTRIBUTES","FZF3","FZF3_ATTRIBUTES","FZF4","FZF4_ATTRIBUTES","FZF5","FZF5_ATTRIBUTES","FZF6","FZF6_ATTRIBUTES","FZF7","FZF7_ATTRIBUTES","FZF8","FZF8_ATTRIBUTES","FZF9","FZF9_ATTRIBUTES","HDSD","HDSD_ATTRIBUTES","HN01","HN01_ATTRIBUTES","HTDD","HTDD_ATTRIBUTES","HX01","HX01_ATTRIBUTES","LN01","LN01_ATTRIBUTES","LX01","LX01_ATTRIBUTES","MN01","MN01_ATTRIBUTES","MN02","MN02_ATTRIBUTES","MX01","MX01_ATTRIBUTES","MX02","MX02_ATTRIBUTES","PRCP","PRCP_ATTRIBUTES","SNOW","SNOW_ATTRIBUTES","TAVG","TAVG_ATTRIBUTES","TMAX","TMAX_ATTRIBUTES","TMIN","TMIN_ATTRIBUTES","WDF2","WDF2_ATTRIBUTES","WDF5","WDF5_ATTRIBUTES","WSF2","WSF2_ATTRIBUTES","WSF5","WSF5_ATTRIBUTES"
"US1CHARM053","HAMPTON COVE 1.8 SW, AL US","34.6444","-86.5056","210.3","2016",,,,,,,"90","N","60","N","0",,"0","N",,,,,,,,,,,,,"1",",N,0123,","0.5",",N,0123,","4.01",",N,1130,",,,,,,,,,,,,,,,,,,,,,,,,,,,,,,,,,,,,,,,,,,,,,"43.52",",N","0.5",",N",,,,,,,,,,,,,,
"USC00010748","BERRY 3 NW, AL US","33.69709","-87.64875","150.3","2016",,,,,,,"105","7","62","7",,,,,,,,,,,,,,,,,,,,,"3.59",",7,0401,",,,,,,,,,,,,,,,,,,,,,,,,,,,,,,,,,,,,,,,,,,,,,"49.21",",7",,,,,,,,,,,,,,,,
"USC00010505","BANKHEAD LOCK AND DAM, AL US","33.4527","-87.3572","85.3","2016",,,,,,,"83","7","70","7",,,,,"0","7","53","7","0","7","239","7","89","7","21","7,0120,+",,,,,"2.57",",7,0614,","98","7,0926,+",,,"28","7,1120","28","7,1120","23","7,1210",,,,,"30","7,0228","25","7,0213","22","7,0211",,,,,,,,,,,,,,,,,,,,,,,,,"50.30",",7",,,"64.5","7","75.9","7","53.2","7",,,,,,,,
"USC00014306","JORDAN DAM, AL US","32.6189","-86.2544","88.4","2016",,,,,,,"95","H","52","H",,,,,,,,,,,,,,,,,,,,,"4.09",",H,0401,",,,,,,,,,,,,,,,,,,,,,,,,,,,,,,,,,,,,,,,,,,,,,"41.73",",H",,,,,,,,,,,,,,,,
"USC00012124","DADEVILLE 2, AL US","32.8622","-85.7358","223.4","2016",,,,,,,,,,,,,,,,,,,,,,,,,,,,,,,,,,,,,,,,,,,,,,,,,,,,,,,,,,,,,,,,,,,,,,,,,,,,,"42.27",",7",,,,,,,,,,,,,,,,
"USC00012245","DEMOPOLIS LOCK AND DAM, AL US","32.5193","-87.88","30.5","2016",,,,,,,,,,,,,,,,,,,,,,,,,,,,,,,,,,,,,,,,,,,,,,,,,,,,,,,,,"1941",,,,"1941",,,,,,,,,,,,,,,,,,,,,,,,,,,,,,,,,
"USC00013575","GUNTERSVILLE NUMBER 2, AL US","34.3347","-86.3294","181.4","2016",,,"2118",,"2118","7","87","7","56","7",,,,,"0","7","37","7","2","7","228","7","69","7","19","7,0120,+",,,,,"2.30",",7,0203,","95","7,0727,+",,,"26","7,1209","26","7,1209",,,,,,,"32","7,0227","27","7,0215","22","7,0211","20","7,0210",,,"2269",,,,"2269","7",,,,,,,,,,,,,,,"39.43",",7",,,"63.9","7","73.6","7","54.1","7",,,,,,,,
"USC00017020","ROCKFORD 3 ESE, AL US","32.8711","-86.1758","182.9","2016",,,,,,,"94","7","79","7",,,,,,,,,,,,,,,,,,,,,"3.80",",7,0401,",,,,,,,,,,,,,,,,,,,,,,,,,,,,,,,,,,,,,,,,,,,,,"51.54",",7",,,,,,,,,,,,,,,,
"USC00010063","ADDISON, AL US","34.2553","-87.1814","249.3","2016",,,,,,,,,,,,,,,,,,,,,,,,,,,,,,,,,,,,,,,,,,,,,,,,,,,,,,,,,,,,,,,,,,,,,,,,,,,,,"43.24",",7",,,,,,,,,,,,,,,,
"USC00010184","ALICEVILLE L AND D, AL US","33.21","-88.2878","50.3","2016",,,,,,,"72","7","56","7",,,,,,,,,,,,,,,,,,,,,"3.05",",7,0412,",,,,,,,,,,,,,,,,,,,,,,,,,,,,,,,,,,,,,,,,,,,,,"41.87",",7",,,,,,,,,,,,,,,,
"USC00013573","GUNTERSVILLE, AL US","34.3344","-86.3297","176.2","2016",,,"2360",,"2360","7","101","7","63","7",,,,,"0","7","40","7","3","7","231","7","81","7","18","7,0120,",,,,,"2.12",",7,1201,","98","7,0722,+",,,"32","7,1121","26","7,1209",,,,,,,"31","7,0227","26","7,0214","20","7,0211","20","7,0211",,,"2335",,,,"2335","7",,,,,,,,,,,,,,,"39.75",",7",,,"64.4","7","74.3","7","54.4","7",,,,,,,,
"USC00015751","MUSCLE SHOALS WATER PLANT, AL US","34.7586","-87.6411","164.6","2016",,,"2132",,"2132","7","109","7","73","7",,,,,"0","7","69","7","1","7","231","7","92","7","15","7,0120,+",,,,,"2.85",",7,1130,","98","7,0721,",,,"27","7,1120","27","7,1120","23","7,1127","19","7,1210",,,"32","7,0322","27","7,0227","24","7,0215","18","7,0210","15","7,0120","2669",,,,"2669","7",,,,,,,,,,,,,,,"40.26",",7",,,"62.9","7","74.9","7","50.8","7",,,,,,,,
"USC00018469","VALLEY HEAD, AL US","34.5686","-85.6063","341.7","2016",,,"1725",,"1725","7","84","7","66","7",,,,,"0","7","71","7","2","7","223","7","61","7","11","7,0119,",,,,,"3.45",",7,1130,","98","7,0625,",,,"31","7,1110","26","7,1120","22","7,1121","19","7,1209",,,"31","7,0409","28","7,0305","22","7,0214","18","7,0210","14","7,0124","2885",,,,"2885","7",,,,,,,,,,,,,,,"41.24",",7",,,"61.2","7","72.9","7","49.4","7",,,,,,,,
"USC00015635","MOULTON 2, AL US","34.48833","-87.29889","189.6","2016",,,"1880",,"1880","7","103","7","69","7",,,,,"0","7","71","7","0","7","237","7","72","7","15","7,0119,+",,,,,"3.33",",7,0203,","97","7,0926,",,,"31","7,1110","24","7,1120","24","7,1120","20","7,1127",,,"31","7,0322","26","7,0227","21","7,0214","19","7,0211","15","7,0119","2856",,,,"2856","7",,,,,,,,,,,,,,,"48.40",",7",,,"61.8","7","73.8","7","49.8","7",,,,,,,,
"US1ALHS0006","CLAYHATCHEE 5.9 E, AL US","31.2261","-85.6143","96.0","2016",,,,,,,"77","N","57","N",,,,,,,,,,,,,,,,,,,,,"6.45",",N,0402,",,,,,,,,,,,,,,,,,,,,,,,,,,,,,,,,,,,,,,,,,,,,,"63.57",",N",,,,,,,,,,,,,,,,
"US1ALLS0026","MADISON 3.2 W, AL US","34.7098","-86.8057","214.0","2016",,,,,,,"88","N","64","N",,,,,,,,,,,,,,,,,,,,,"4.08",",N,1130,",,,,,,,,,,,,,,,,,,,,,,,,,,,,,,,,,,,,,,,,,,,,,"45.46",",N",,,,,,,,,,,,,,,,
"US1ALLD0020","FLORENCE 2.2 N, AL US","34.8598","-87.6721","183.5","2016",,,,,,,"114","N","65","N","0",,"0","N",,,,,,,,,,,,,"0","T,N,0123,","0.0","T,N,0210,+","2.26",",N,0122,",,,,,,,,,,,,,,,,,,,,,,,,,,,,,,,,,,,,,,,,,,,,,"40.69",",N","0.0","T,N",,,,,,,,,,,,,,
"US1ALLS0025","ELKMONT 1.6 SW, AL US","34.9157","-86.999","256.3","2016",,,,,,,"131","N","69","N",,,,,,,,,,,,,,,,,,,,,"2.57",",N,0203,",,,,,,,,,,,,,,,,,,,,,,,,,,,,,,,,,,,,,,,,,,,,,"50.00",",N",,,,,,,,,,,,,,,,
"US1ALLS0023","ATHENS 1.5 SE, AL US","34.7869","-86.9536","210.3","2016",,,,,,,"88","N","62","N",,,,,,,,,,,,,,,,,,,,,"3.80",",N,0122,",,,,,,,,,,,,,,,,,,,,,,,,,,,,,,,,,,,,,,,,,,,,,"52.84",",N",,,,,,,,,,,,,,,,
"US1ALLD0025","FLORENCE 5.4 E, AL US","34.835","-87.5697","186.2","2016",,,,,,,"106","N","63","N",,,"0","N",,,,,,,,,,,,,,,"0.0",",N,1231,+","2.78",",N,1130,",,,,,,,,,,,,,,,,,,,,,,,,,,,,,,,,,,,,,,,,,,,,,"43.04",",N","0.0",",N",,,,,,,,,,,,,,
"USC00010178","ALICEVILLE, AL US","33.1272","-88.155","59.4","2016",,,,,,,"79","7","78","7",,,,,,,,,,,,,,,,,,,,,"3.00",",7,0311,",,,,,,,,,,,,,,,,,,,,,,,,,,,,,,,,,,,,,,,,,,,,,"52.34",",7",,,,,,,,,,,,,,,,
"USC00017366","SELMA, AL US","32.411","-87.0144","44.8","2016",,,"2426",,"2426","7",,,,,,,,,"0","7","34","7","0","7","258","7","98","7","25","7,0211,+",,,,,,,"99","7,0627,",,,"32","7,1121","28","7,1128",,,,,,,"30","7,0215","28","7,0212",,,,,,,"1596",,,,"1596","7",,,,,,,,,,,,,,,"52.19",",7",,,"66.4","7","78.1","7","54.6","7",,,,,,,,
"US1ALMB0004","MOBILE 2.6 WNW, AL US","30.69","-88.13","30.5","2016",,,,,,,"108","N","81","N",,,,,,,,,,,,,,,,,,,,,"3.97",",N,0312,",,,,,,,,,,,,,,,,,,,,,,,,,,,,,,,,,,,,,,,,,,,,,"72.59",",N",,,,,,,,,,,,,,,,
"USW00013896","MUSCLE SHOALS REGIONAL AIRPORT, AL US","34.7441","-87.5997","164.6","2016","5.6","W","2317",,"2317","W","100","W","65","W","0",,"0","H","0","W","54","W","1","W","248","W","97","W","16","W,0111,","0",",H,1231,+","0.0",",H,1231,+","1.89",",W,0121,","99","W,0925,+",,,"32","W,1111","24","W,1121","21","W,1127",,,,,"32","W,0305","25","W,0214","19","W,0210","19","W,0210",,,"2398",,,,"2398","W",,,,,,,,,,,,,,,"40.80",",W","0.0",",H","64.3","W","76.0","W","52.6","W","270","W","290","W","40.0","W","51.0","W"
"USW00013895","MONTGOMERY AIRPORT, AL US","32.2997","-86.4075","61.6","2016","5.6","W","2976",,"2976","W","89","W","64","W","0",,"0","H","0","W","29","W","0","W","288","W","129","W","24","W,0210,+","0",",H,1231,+","0.0",",H,1231,+","2.22",",W,0411,","100","W,0804,+",,,"27","W,1121","27","W,1121",,,,,,,"32","W,0227","27","W,0211",,,,,,,"1531",,,,"1531","W",,,,,,,,,,,,,,,"41.51",",W","0.0",",H","68.6","W","80.6","W","56.6","W","270","W","290","W","40.0","W","53.9","W"
"USW00013894","MOBILE REGIONAL AIRPORT, AL US","30.68833","-88.24556","65.5","2016","6.7","W","2785",,"2785","W","112","W","79","W","0",,"0","W","0","W","16","W","0","W","289","W","90","W","25","W,0124,","0",",W,1231,+","0.0",",W,1231,+","4.25",",W,0311,","97","W,0702,+",,,"32","W,1122",,,,,,,,,"26","W,0210","26","W,0210",,,,,,,"1242",,,,"1242","W",,,,,,,,,,,,,,,"62.62",",W","0.0",",W","68.9","W","79.2","W","58.6","W","350","W","340","W","47.0","W","62.0","W"
"USW00003856","HUNTSVILLE INTERNATIONAL AIRPORT JONES FIELD, AL US","34.64389","-86.78611","190.2","2016","6.7","W","2504",,"2504","W","98","W","68","W","0",,"0","W","0","W","49","W","0","W","249","W","111","W","16","W,0119,","0","T,W,0123,","0.4",",W,0122,","3.12",",W,1130,","100","W,0721,",,,"29","W,1120","27","W,1121","23","W,1210",,,,,"32","W,0305","23","W,0214","23","W,0214","16","W,0119",,,"2293",,,,"2293","W",,,,,,,,,,,,,,,"44.46",",W","0.4",",W","65.0","W","76.5","W","53.5","W","360","W","10","W","44.1","W","53.0","W"
"USC00018323","TROY, AL US","31.8075","-85.9722","165.2","2016",,,"2387",,"2387","7",,,,,,,,,"0","7","27","7","0","7","257","7","88","7","24","7,0211,+",,,,,,,"96","7,0805,+",,,"31","7,1209","28","7,1210",,,,,,,"32","7,0228","24","7,0211","24","7,0211",,,,,,,,,,,,,,,,,,,,,,,,,"41.96",",7",,,"66.8","7","77.8","7","55.9","7",,,,,,,,
"USC00018209","THORSBY EXPERIMENTAL STATION, AL US","32.9205","-86.6708","207.3","2016",,,,,,,"72","7","59","7",,,,,,,,,,,,,,,,,,,,,"3.18",",7,0401,",,,,,,,,,,,,,,,,,,,,,,,,,,,,,,,,,,,,,,,,,,,,,"41.54",",7",,,,,,,,,,,,,,,,
"US1ALBW0001","FAIRHOPE 2.3 N, AL US","30.5483","-87.8887","32.9","2016",,,,,,,"125","N","80","N",,,,,,,,,,,,,,,,,,,,,"4.57",",N,0402,",,,,,,,,,,,,,,,,,,,,,,,,,,,,,,,,,,,,,,,,,,,,,"66.76",",N",,,,,,,,,,,,,,,,
"US1ALLS0002","CAPSHAW 3.0 NW, AL US","34.8044","-86.8304","224.0","2016",,,,,,,"108","N","68","N",,,,,,,,,,,,,,,,,,,,,"2.42",",N,1130,",,,,,,,,,,,,,,,,,,,,,,,,,,,,,,,,,,,,,,,,,,,,,"42.45",",N",,,,,,,,,,,,,,,,
"US1ALRN0002","ROANOKE 4.2 NNE, AL US","33.2034","-85.3485","253.0","2016",,,,,,,"108","N","62","N",,,,,,,,,,,,,,,,,,,,,"2.76",",N,0401,+",,,,,,,,,,,,,,,,,,,,,,,,,,,,,,,,,,,,,,,,,,,,,"37.21",",N",,,,,,,,,,,,,,,,
"USC00013781","HELENA, AL US","33.2725","-86.83361","146.3","2016",,,"2598",,"2598","7","107","7","58","7",,,,,"0","7","51","7","0","7","258","7","111","7","20","7,0119,",,,,,"1.89",",7,0411,","103","7,0626,",,,"29","7,1120","26","7,1121","23","7,1210",,,,,"32","7,0322","28","7,0227","21","7,0210","20","7,0119",,,"2022",,,,"2022","7",,,,,,,,,,,,,,,"34.29",",7",,,"66.1","7","77.8","7","54.4","7",,,,,,,,
"USW00013871","ANNISTON METROPOLITAN AIRPORT, AL US","33.5872","-85.8556","181.1","2016","4.9","W","2393",,"2393","W","94","W","56","W","0",,"0","H","0","W","53","W","1","W","263","W","103","W","18","W,0119,","0",",H,1231,+","0.0",",H,1231,+","2.58",",W,0501,","100","W,0625,",,,"31","W,1111","23","W,1121","23","W,1121",,,,,"32","W,0322","27","W,0214","21","W,0210","18","W,0119",,,"2087",,,,"2087","W",,,,,,,,,,,,,,,"32.15",",W","0.0",",H","65.3","W","77.2","W","53.3","W","210","W","270","W","33.1","W","44.1","W"
"USC00010160","ALEXANDER CITY, AL US","32.9452","-85.948","195.1","2016",,,"2233",,"2233","7","104","7","68","7",,,,,"0","7","56","7","0","7","255","7","101","7","20","7,0119,",,,,,"2.31",",7,0401,","100","7,0705,+",,,"32","7,1121","26","7,1127","23","7,1210",,,,,"32","7,0323","26","7,0215","23","7,0211","20","7,0119",,,"2198",,,,"2198","7",,,,,,,,,,,,,,,"45.04",",7",,,"64.8","7","77.5","7","52.2","7",,,,,,,,
"USC00015172","MATHEWS, AL US","32.2603","-86.0003","57.9","2016",,,,,,,"69","7","62","7",,,,,,,,,,,,,,,,,,,,,"2.97",",7,1129,",,,,,,,,,,,,,,,,,,,,,,,,,,,,,,,,,,,,,,,,,,,,,"46.24",",7",,,,,,,,,,,,,,,,
"USC00018438","UNION SPRINGS 9 S, AL US","32.0142","-85.7464","134.1","2016",,,"2325",,"2325","7","86","7","68","7",,,,,"0","7","54","7","0","7","283","7","102","7","21","7,1210,",,,,,"2.50",",7,0122,","97","7,0709,",,,"30","7,1111","26","7,1121","21","7,1210",,,,,"31","7,0323","28","7,0228","24","7,0125",,,,,"1839",,,,"1839","7",,,,,,,,,,,,,,,"41.80",",7",,,"65.7","7","78.9","7","52.6","7",,,,,,,,
"USW00013876","BIRMINGHAM AIRPORT, AL US","33.56556","-86.745","187.5","2016","6.0","W","2625",,"2625","W","101","W","60","W","0",,"0","W","0","W","38","W","0","W","255","W","99","W","19","W,0119,","0",",W,1231,+","0.0","T,W,0303,+","2.52",",W,0709,","100","W,0626,",,,"30","W,1120","25","W,1209","22","W,1210",,,,,"31","W,0227","23","W,0210","23","W,0210","19","W,0119",,,"1996",,,,"1996","W",,,,,,,,,,,,,,,"40.34",",W","0.0","T,W","66.2","W","76.9","W","55.6","W","190","W","330","W","38.9","W","53.0","W"
"US1ALMB0024","WILMER 7.9 SE, AL US","30.737","-88.274","71.9","2016",,,,,,,"116","N","73","N",,,,,,,,,,,,,,,,,,,,,"3.99",",N,0312,",,,,,,,,,,,,,,,,,,,,,,,,,,,,,,,,,,,,,,,,,,,,,"64.07",",N",,,,,,,,,,,,,,,,
"USC00010823","BILLINGSLEY, AL US","32.6624","-86.7244","134.1","2016",,,,,,,"87","7","69","7",,,,,,,,,,,,,,,,,,,,,"2.80",",7,0224,",,,,,,,,,,,,,,,,,,,,,,,,,,,,,,,,,,,,,,,,,,,,,"52.61",",7",,,,,,,,,,,,,,,,
"USC00012209","DECATUR 4 SE, AL US","34.57556","-86.93389","167.6","2016",,,"2138",,"2138","7","90","7","67","7",,,,,"0","7","59","7","1","7","235","7","81","7","16","7,0119,",,,,,"4.83",",7,1130,","97","7,0722,+",,,"28","7,1121","28","7,1121","24","7,1219",,,,,"32","7,0305","24","7,0214","24","7,0214","20","7,0210","16","7,0119",,,,,,,,,,,,,,,,,,,,,"45.12",",7",,,"63.2","7","73.7","7","52.8","7",,,,,,,,
"USW00003878","TROY MUNICIPAL AIRPORT, AL US","31.86056","-86.01222","121.0","2016","4.7","W","2451",,"2451","W","105","W","67","W","0",,"0","W","0","W","37","W","0","W","285","W","104","W","23","W,1210,","0",",W,1231,+","0.0","T,W,0122,","2.16",",W,0630,","97","W,0626,+",,,"31","W,1111","27","W,1120","23","W,1210",,,,,"31","W,0228","25","W,0210",,,,,,,"1521",,,,"1521","W",,,,,,,,,,,,,,,"40.32",",W","0.0","T,W","66.9","W","79.2","W","54.6","W","340","W","150","W","40.0","W","121.9","W"
"USC00014866","LOGAN MARTIN DAM, AL US","33.42583","-86.33861","137.2","2016",,,,,,,"100","H","51","H",,,,,,,,,,,,,,,,,,,,,"2.34",",H,0224,",,,,,,,,,,,,,,,,,,,,,,,,,,,,,,,,,,,,,,,,,,,,,"29.20",",H",,,,,,,,,,,,,,,,
"USC00013655","HANCEVILLE, AL US","34.0678","-86.791","179.8","2016",,,,,,,"68","7","60","7",,,,,,,,,,,,,,,,,,,,,"2.39",",7,1130,",,,,,,,,,,,,,,,,,,,,,,,,,,,,,,,,,,,,,,,,,,,,,"44.16",",7",,,,,,,,,,,,,,,,
"USC00014502","LAFAYETTE 2 W, AL US","32.9069","-85.4336","225.6","2016",,,"2008",,"2008","7","94","7","60","7",,,,,"0","7","62","7","0","7","255","7","98","7","18","7,1211,",,,,,"3.30",",7,0401,","99","7,0626,+",,,"32","7,1110","27","7,1111","23","7,1121","19","7,1210",,,"28","7,0323","28","7,0323",,,,,,,"2225",,,,"2225","7",,,,,,,,,,,,,,,"43.08",",7",,,"63.6","7","77.2","7","49.9","7",,,,,,,,
"USC00013775","HEFLIN, AL US","33.6483","-85.6005","259.1","2016",,,,,,,"84","7","55","7",,,,,,,,,,,,,,,,,,,,,"2.00",",7,1129,",,,,,,,,,,,,,,,,,,,,,,,,,,,,,,,,,,,,,,,,,,,,,"34.20",",7",,,,,,,,,,,,,,,,
"USW00023801","TROY 2 W, AL US","31.7901","-86.0004","143.9","2016",,,"2158",,"2158","R","89","R","61","R",,,,,"0","R","32","R","0","R","267","R","73","R","23","R,0111,",,,,,"2.46",",R,0710,","96","R,0702,",,,"29","R,1120","25","R,1210",,,,,,,"32","R,0322","28","R,0211","24","R,0210",,,,,"1729",,,,"1729","R",,,,,,,,,,,,,,,"43.85",",R",,,"65.9","R","77.2","R","54.6","R",,,,,,,,
"USW00063899","BREWTON 3 NNE, AL US","31.1449","-87.0518","51.8","2016",,,"2329",,"2329","R","97","R","67","R",,,,,"0","R","30","R","0","R","278","R","50","R","24","R,0124,",,,,,"2.38",",R,1213,","97","R,0626,",,,"28","R,1120","27","R,1121",,,,,,,"31","R,0228","24","R,0210","24","R,0124",,,,,"1534",,,,"1534","R",,,,,,,,,,,,,,,"48.18",",R",,,"66.7","R","77.9","R","55.5","R",,,,,,,,
"USC00010260","ANDERSON, AL US","34.96285","-87.37195","231.6","2016",,,"1794",,"1794","7","106","7","70","7",,,,,"0","7","67","7","2","7","222","7","58","7","12","7,0119,+",,,,,"2.76",",7,0616,","96","7,0727,+",,,"31","7,1111","24","7,1120","24","7,1120","19","7,1209",,,"32","7,0322","25","7,0227","21","7,0214","16","7,0210","16","7,0210",,,,,,,,,,,,,,,,,,,,,"48.19",",7",,,"61.1","7","72.3","7","49.9","7",,,,,,,,
"USR0000ASHK","SHOAL CREEK ALABAMA, AL US","33.6472","-85.6344","276.8","2016",,,,,,,,,,,,,,,"0","U","50","U","1","U","240","U","78","U","17","U,0119,",,,,,,,"97","U,0702,",,,"32","U,1121","28","U,1209","24","U,1210",,,,,"30","U,0322","25","U,0214","21","U,0211","20","U,0210",,,"2333",,,,"2333","U",,,,,,,,,,,,,,,,,,,"63.4","U","74.7","U","52.0","U",,,,,,,,
"USW00063897","SELMA 6 SSE, AL US","32.3349","-86.9787","47.9","2016",,,"2343",,"2343","R","98","R","72","R",,,,,"0","R","45","R","0","R","270","R","96","R","21","R,0210,",,,,,"3.38",",R,0331,","97","R,0626,",,,"32","R,1111","26","R,1120","23","R,1127",,,,,"32","R,0322","27","R,0211","21","R,0210",,,,,"1871",,,,"1871","R",,,,,,,,,,,,,,,"56.25",",R",,,"65.8","R","77.9","R","53.6","R",,,,,,,,
"USC00018673","WARRIOR LOCK AND DAM, AL US","32.7744","-87.8306","33.5","2016",,,,,,,"84","7","64","7",,,,,,,,,,,,,,,,,,,,,"2.78",",7,0401,",,,,,,,,,,,,,,,,,,,,,,,,,,,,,,,,,,,,,,,,,,,,,"39.92",",7",,,,,,,,,,,,,,,,
"US1ALJF0053","TRUSSVILLE 1.8 NW, AL US","33.6523","-86.6167","312.1","2016",,,,,,,"103","N","64","N",,,,,,,,,,,,,,,,,,,,,"2.87",",N,0203,",,,,,,,,,,,,,,,,,,,,,,,,,,,,,,,,,,,,,,,,,,,,,"38.75",",N",,,,,,,,,,,,,,,,
"US1ALTG0006","BON AIR 2.8 SSE, AL US","33.2243","-86.3195","150.0","2016",,,,,,,"100","N","65","N",,,,,,,,,,,,,,,,,,,,,"4.90",",N,0713,",,,,,,,,,,,,,,,,,,,,,,,,,,,,,,,,,,,,,,,,,,,,,"48.27",",N",,,,,,,,,,,,,,,,
"USC00010390","ATHENS, AL US","34.7752","-86.9508","210.0","2016",,,"2156",,"2156","7","103","7","66","7",,,,,"0","7","43","7","0","7","242","7","85","7","19","7,0119,",,,,,"2.90",",7,0121,","99","7,0721,",,,"28","7,1120","28","7,1120","22","7,1209",,,,,"31","7,0227","26","7,0214","22","7,0210","19","7,0119",,,"2184",,,,"2184","7",,,,,,,,,,,,,,,"47.45",",7",,,"64.2","7","75.4","7","53.0","7",,,,,,,,
"USC00014193","JACKSON, AL US","31.5253","-87.9277","67.1","2016",,,"2388",,"2388","7","89","7","69","7",,,,,"0","7","39","7","0","7","271","7","90","7","23","7,0211,+",,,,,"3.44",",7,0614,","97","7,0627,",,,"28","7,1121","28","7,1121",,,,,,,"31","7,0322","23","7,0211","23","7,0211",,,,,"1578",,,,"1578","7",,,,,,,,,,,,,,,"60.07",",7",,,"66.6","7","78.4","7","54.7","7",,,,,,,,
"USC00016129","OPELIKA, AL US","32.6592","-85.4492","195.1","2016",,,,,,,"81","7","61","7",,,,,,,,,,,,,,,,,,,,,"5.00",",7,0401,",,,,,,,,,,,,,,,,,,,,,,,,,"2278",,,,"2278","7",,,,,,,,,,,,,,,"45.20",",7",,,,,,,,,,,,,,,,
"US1ALBW0027","ORANGE BEACH 2.1 NE, AL US","30.3032","-87.5624","1.8","2016",,,,,,,"109","N","72","N",,,,,,,,,,,,,,,,,,,,,"6.21",",N,0917,",,,,,,,,,,,,,,,,,,,,,,,,,,,,,,,,,,,,,,,,,,,,,"73.98",",N",,,,,,,,,,,,,,,,
"US1ALJF0057","MOUNTAIN BROOK 1.7 N, AL US","33.5121","-86.7428","222.8","2016",,,,,,,"100","N","60","N",,,,,,,,,,,,,,,,,,,,,"2.40",",N,0203,",,,,,,,,,,,,,,,,,,,,,,,,,,,,,,,,,,,,,,,,,,,,,"33.19",",N",,,,,,,,,,,,,,,,
"US1ALTP0007","ALEXANDER CITY 3.1 NNE, AL US","32.9884","-85.9492","199.3","2016",,,,,,,"91","N","62","N",,,,,,,,,,,,,,,,,,,,,"3.44",",N,0401,",,,,,,,,,,,,,,,,,,,,,,,,,,,,,,,,,,,,,,,,,,,,,"44.02",",N",,,,,,,,,,,,,,,,
"US1ALMD0069","MADISON 3.1 NE, AL US","34.7296","-86.7048","206.7","2016",,,,,,,"92","N","64","N",,,,,,,,,,,,,,,,,,,,,"3.74",",N,1130,",,,,,,,,,,,,,,,,,,,,,,,,,,,,,,,,,,,,,,,,,,,,,"42.03",",N",,,,,,,,,,,,,,,,
"USW00053864","ALABASTER SHELBY CO AIRPORT, AL US","33.17833","-86.78167","172.2","2016","4.0","W","2476",,"2476","W","102","W","62","W","0",,"0","H","0","W","40","W","0","W","259","W","100","W","22","W,0119,","0",",H,1231,+","0.0",",H,1231,+","2.18",",W,1128,","99","W,0709,",,,"29","W,1120","26","W,1127",,,,,,,"32","W,0227","23","W,0210","23","W,0210",,,,,"1881",,,,"1881","W",,,,,,,,,,,,,,,"37.41",",W","0.0",",H","66.1","W","77.3","W","54.9","W","280","W","270","W","30.0","W","47.0","W"
"US1ALBW0031","FOLEY 2.0 SSW, AL US","30.3789","-87.6975","20.1","2016",,,,,,,"101","N","66","N",,,,,,,,,,,,,,,,,,,,,"4.26",",N,0811,",,,,,,,,,,,,,,,,,,,,,,,,,,,,,,,,,,,,,,,,,,,,,"60.19",",N",,,,,,,,,,,,,,,,
"USC00011225","CAHABA PUMP HOUSE, AL US","33.4517","-86.7158","140.5","2016",,,,,,,,,,,,,,,,,,,,,,,,,,,,,,,,,,,,,,,,,,,,,,,,,,,,,,,,,,,,,,,,,,,,,,,,,,,,,"36.69",",7",,,,,,,,,,,,,,,,
"USC00013645","HAMILTON 3 S, AL US","34.0966","-87.9913","132.6","2016",,,,,,,"87","7","64","7",,,,,,,,,"1","7","248","7","113","7",,,,,,,"4.63",",7,1130,","102","7,0926,",,,,,,,,,,,,,,,,,,,,,,,,,,,,,,,,,,,,,,,,,,,"48.41",",7",,,,,"76.9","7",,,,,,,,,,
"USC00012675","ENTERPRISE 2 W, AL US","31.2975","-85.8996","102.7","2016",,,,,,,,,,,,,,,,,,,,,,,,,,,,,,,,,,,,,,,,,,,,,,,,,,,,,,,,,,,,,,,,,,,,,,,,,,,,,"57.46",",7",,,,,,,,,,,,,,,,
"USR0000ALIR","LIRI ALABAMA, AL US","34.4978","-85.6292","365.8","2016",,,"1661",,"1661","U",,,,,,,,,"0","U","72","U","5","U","225","U","79","U","14","U,0119,+",,,,,,,"98","U,0625,",,,"32","U,1023","28","U,1122","24","U,1127","20","U,1209",,,"32","U,0410","27","U,0322","22","U,0214","20","U,0211","14","U,0119","2831",,,,"2831","U",,,,,,,,,,,,,,,,,,,"60.9","U","73.4","U","48.3","U",,,,,,,,
"US1ALSH0021","INVERNESS 0.8 W, AL US","33.4051","-86.7359","162.2","2016",,,,,,,"95","N","60","N",,,,,,,,,,,,,,,,,,,,,"3.16",",N,0203,",,,,,,,,,,,,,,,,,,,,,,,,,,,,,,,,,,,,,,,,,,,,,"43.46",",N",,,,,,,,,,,,,,,,
"USC00010252","ANDALUSIA 3 W, AL US","31.3071","-86.5226","76.2","2016",,,,,,,"87","7","68","7",,,,,"0","7","43","7",,,,,,,"22","7,0211,",,,,,"2.80",",7,0402,",,,,,"28","7,1120","28","7,1120","24","7,1211",,,,,"31","7,0323","28","7,0227","22","7,0211",,,,,,,,,,,,,,,,,,,,,,,,,"47.13",",7",,,,,,,"54.2","7",,,,,,,,
"USC00016121","ONEONTA, AL US","33.9265","-86.42116","335.3","2016",,,,,,,,,,,,,,,,,,,,,,,,,,,,,,,,,,,,,,,,,,,,,,,,,,,,,,,,,"2244",,,,"2244","7",,,,,,,,,,,,,,,,,,,,,,,,,,,,,,,,
"USC00017326","SEALE, AL US","32.32167","-85.16833","129.5","2016",,,,,,,"78","7","53","7",,,,,,,,,,,,,,,,,,,,,"2.22",",7,0204,",,,,,,,,,,,,,,,,,,,,,,,,,,,,,,,,,,,,,,,,,,,,,"38.24",",7",,,,,,,,,,,,,,,,
"USW00023802","THOMASVILLE 2 S, AL US","31.8814","-87.7367","106.7","2016",,,"2227",,"2227","R","87","R","64","R",,,,,"0","R","37","R","0","R","271","R","76","R","22","R,0210,",,,,,"4.07",",R,0223,","97","R,0626,",,,"28","R,1120","28","R,1120",,,,,,,"31","R,0322","22","R,0210","22","R,0210",,,,,"1822",,,,"1822","R",,,,,,,,,,,,,,,"53.66",",R",,,"65.7","R","77.5","R","54.0","R",,,,,,,,
"USC00017207","SAND MOUNTAIN SUBSTATION, AL US","34.28778","-85.96806","362.7","2016",,,"1890",,"1890","7","101","7","67","7",,,,,"0","7","63","7","4","7","220","7","74","7","15","7,0120,+",,,,,"2.84",",7,1201,","98","7,0627,+",,,"31","7,1120","27","7,1121","23","7,1127",,,,,"32","7,0322","28","7,0227","23","7,0215","17","7,0211","16","7,0210","2889",,,,"2889","7",,,,,,,,,,,,,,,"42.84",",7",,,"61.7","7","72.7","7","50.7","7",,,,,,,,
"US1ALBL0006","BLOUNTSVILLE 1.3 NW, AL US","34.0913","-86.6066","215.2","2016",,,,,,,"100","N","61","N",,,,,,,,,,,,,,,,,,,,,"3.61",",N,0724,",,,,,,,,,,,,,,,,,,,,,,,,,,,,,,,,,,,,,,,,,,,,,"44.93",",N",,,,,,,,,,,,,,,,
"US1ALBL0003","WARRIOR 4.6 NW, AL US","33.8584","-86.8679","288.0","2016",,,,,,,"84","N","58","N",,,,,,,,,,,,,,,,,,,,,"3.06",",N,1130,",,,,,,,,,,,,,,,,,,,,,,,,,,,,,,,,,,,,,,,,,,,,,"49.53",",N",,,,,,,,,,,,,,,,
"USR0000AOPE","OPEN POND FTS ALABAMA, AL US","31.0944","-86.5486","83.8","2016",,,"2919",,"2919","U",,,,,,,,,"0","U","17","U","0","U","289","U","119","U","25","U,0124,",,,,,,,"102","U,0626,",,,"32","U,1120","28","U,1210",,,,,,,"31","U,0214","27","U,0210",,,,,,,"1217",,,,"1217","U",,,,,,,,,,,,,,,,,,,"69.1","U","80.7","U","57.5","U",,,,,,,,
"USC00013519","GREENVILLE, AL US","31.7901","-86.6087","104.2","2016",,,"2238",,"2238","7","84","7","66","7",,,,,"0","7","50","7","0","7","283","7","100","7","23","7,1210,+",,,,,"4.25",",7,0122,","99","7,0810,",,,"32","7,1111","27","7,1121","23","7,1210",,,,,"31","7,0323","28","7,0227","23","7,0210",,,,,,,,,,,,,,,,,,,,,,,,,"51.99",",7",,,"65.7","7","78.9","7","52.4","7",,,,,,,,
"US1ALMG0012","LACEY S SPRING 3.4 SSW, AL US","34.4907","-86.6328","394.1","2016",,,,,,,"109","N","71","N",,,,,,,,,,,,,,,,,,,,,"4.33",",N,1130,",,,,,,,,,,,,,,,,,,,,,,,,,,,,,,,,,,,,,,,,,,,,,"45.52",",N",,,,,,,,,,,,,,,,
"USC00014603","LAY DAM, AL US","32.96333","-86.52","128.0","2016",,,,,,,"101","H","52","H",,,,,,,,,,,,,,,,,,,,,"2.91",",H,0401,",,,,,,,,,,,,,,,,,,,,,,,,,,,,,,,,,,,,,,,,,,,,,"32.86",",H",,,,,,,,,,,,,,,,
"USC00013511","GREENSBORO, AL US","32.7019","-87.5815","67.4","2016",,,,,,,,,,,"0",,,,,,,,,,,,,,,,"0",",7,1231,+",,,,,,,,,,,,,,,,,,,,,,,,,,,,,"1814",,,,"1814",,,,,,,,,,,,,,,,"55.54",",",,,,,,,,,,,,,,,,
"US1ALDS0001","SELMA 1.5 WSW, AL US","32.4042","-87.0546","46.0","2016",,,,,,,"122","N","64","N",,,,,,,,,,,,,,,,,,,,,"3.71",",N,0401,",,,,,,,,,,,,,,,,,,,,,,,,,,,,,,,,,,,,,,,,,,,,,"52.19",",N",,,,,,,,,,,,,,,,
"US1ALSH0052","ALABASTER 2.2 SSW, AL US","33.1954","-86.8344","166.4","2016",,,,,,,"106","N","65","N",,,,,,,,,,,,,,,,,,,,,"2.86",",N,0203,",,,,,,,,,,,,,,,,,,,,,,,,,,,,,,,,,,,,,,,,,,,,,"42.01",",N",,,,,,,,,,,,,,,,
"US1ALMD0042","HAMPTON COVE 1.0 NW, AL US","34.6689","-86.4946","193.9","2016",,,,,,,"114","N","70","N",,,,,,,,,,,,,,,,,,,,,"3.78",",N,1130,",,,,,,,,,,,,,,,,,,,,,,,,,,,,,,,,,,,,,,,,,,,,,"43.20",",N",,,,,,,,,,,,,,,,
"US1ALCM0006","CULLMAN 7.5 SW, AL US","34.1004","-86.932","171.3","2016",,,,,,,"105","N","58","N",,,,,,,,,,,,,,,,,,,,,"2.46",",N,0216,",,,,,,,,,,,,,,,,,,,,,,,,,,,,,,,,,,,,,,,,,,,,,"41.54",",N",,,,,,,,,,,,,,,,
"US1ALJF0037","BESSEMER 1.0 WNW, AL US","33.379","-86.9775","165.2","2016",,,,,,,"102","N","67","N",,,,,,,,,,,,,,,,,,,,,"3.30",",N,0203,",,,,,,,,,,,,,,,,,,,,,,,,,,,,,,,,,,,,,,,,,,,,,"44.43",",N",,,,,,,,,,,,,,,,
"US1ALCM0004","HANCEVILLE 1.6 E, AL US","34.0656","-86.7354","185.0","2016",,,,,,,"96","N","66","N",,,,,,,,,,,,,,,,,,,,,"2.49",",N,1201,",,,,,,,,,,,,,,,,,,,,,,,,,,,,,,,,,,,,,,,,,,,,,"41.95",",N",,,,,,,,,,,,,,,,
"US1ALBW0045","SILVERHILL 5.0 SW, AL US","30.488","-87.8002","4.0","2016",,,,,,,"90","N","76","N",,,,,,,,,,,,,,,,,,,,,"4.83",",N,0811,",,,,,,,,,,,,,,,,,,,,,,,,,,,,,,,,,,,,,,,,,,,,,"71.35",",N",,,,,,,,,,,,,,,,
"US1ALMY0006","RAMER 1.5 SE, AL US","32.0323","-86.2056","158.8","2016",,,,,,,"109","N","67","N",,,,,,,,,,,,,,,,,,,,,"2.87",",N,0122,",,,,,,,,,,,,,,,,,,,,,,,,,,,,,,,,,,,,,,,,,,,,,"43.44",",N",,,,,,,,,,,,,,,,
"US1ALCM0003","CULLMAN 4.4 E, AL US","34.1703","-86.7624","237.1","2016",,,,,,,"91","N","57","N",,,,,,,,,,,,,,,,,,,,,"2.40",",N,0216,",,,,,,,,,,,,,,,,,,,,,,,,,,,,,,,,,,,,,,,,,,,,,"41.49",",N",,,,,,,,,,,,,,,,
"US1ALMY0007","MONTGOMERY 2.2 NE, AL US","32.3772","-86.2575","94.5","2016",,,,,,,"92","N","55","N",,,"0","N",,,,,,,,,,,,,,,"0.0",",N,1231,+","3.24",",N,0401,",,,,,,,,,,,,,,,,,,,,,,,,,,,,,,,,,,,,,,,,,,,,,"39.99",",N","0.0",",N",,,,,,,,,,,,,,
"US1ALBW0053","ELBERTA 3.1 SSW, AL US","30.3718","-87.6195","2.1","2016",,,,,,,"124","N","79","N",,,,,,,,,,,,,,,,,,,,,"5.76",",N,0917,",,,,,,,,,,,,,,,,,,,,,,,,,,,,,,,,,,,,,,,,,,,,,"65.30",",N",,,,,,,,,,,,,,,,
"USC00013620","HALEYVILLE, AL US","34.2314","-87.6352","280.4","2016",,,,,,,"86","7","79","7",,,,,,,,,,,,,,,,,,,,,"2.65",",7,0203,",,,,,,,,,,,,,,,,,,,,,,,,,,,,,,,,,,,,,,,,,,,,,"54.33",",7",,,,,,,,,,,,,,,,
"US1ALSH0048","LAKE PURDY 2.6 ESE, AL US","33.4198","-86.6378","291.7","2016",,,,,,,"111","N","68","N",,,,,,,,,,,,,,,,,,,,,"3.25",",N,0203,",,,,,,,,,,,,,,,,,,,,,,,,,,,,,,,,,,,,,,,,,,,,,"43.12",",N",,,,,,,,,,,,,,,,
"US1ALMG0009","FALKVILLE 5.1 E, AL US","34.3638","-86.8217","253.0","2016",,,,,,,"92","N","61","N",,,,,,,,,,,,,,,,,,,,,"4.38",",N,1130,",,,,,,,,,,,,,,,,,,,,,,,,,,,,,,,,,,,,,,,,,,,,,"56.91",",N",,,,,,,,,,,,,,,,
"USC00018755","WEISS DAM, AL US","34.1324","-85.7926","179.8","2016",,,,,,,"81","H","44","H",,,,,,,,,,,,,,,,,,,,,"2.75",",H,0224,",,,,,,,,,,,,,,,,,,,,,,,,,,,,,,,,,,,,,,,,,,,,,"29.44",",H",,,,,,,,,,,,,,,,
"USC00017304","SCOTTSBORO, AL US","34.6736","-86.0536","187.5","2016",,,"2063",,"2063","7","78","7","58","7",,,,,"0","7","70","7","2","7","242","7","103","7","15","7,0119,",,,,,"4.03",",7,1130,","99","7,0721,",,,"30","7,1111","23","7,1121","23","7,1121","19","7,1210",,,"30","7,0323","28","7,0227","24","7,0214","20","7,0211","16","7,0120","2637",,,,"2637","7",,,,,,,,,,,,,,,"40.85",",7",,,"62.7","7","75.9","7","49.4","7",,,,,,,,
"US1ALWS0001","JACKSON 4.3 WSW, AL US","31.5095","-87.96","39.0","2016",,,,,,,"88","N","58","N",,,,,,,,,,,,,,,,,,,,,"2.46",",N,1214,",,,,,,,,,,,,,,,,,,,,,,,,,,,,,,,,,,,,,,,,,,,,,"49.12",",N",,,,,,,,,,,,,,,,
"USC00018998","WINFIELD 2 SW, AL US","33.9107","-87.8469","158.5","2016",,,,,,,"90","7","58","7",,,,,,,,,,,,,,,,,,,,,"3.58",",7,0203,",,,,,,,,,,,,,,,,,,,,,,,,,,,,,,,,,,,,,,,,,,,,,"46.48",",7",,,,,,,,,,,,,,,,
"USC00018517","VERNON, AL US","33.7392","-88.1275","90.8","2016",,,"2524",,"2524","7",,,,,,,,,"0","7","57","7","0","7","262","7","111","7","18","7,0119,+",,,,,,,"100","7,0806,",,,"32","7,1111","24","7,1120","24","7,1120",,,,,"31","7,0322","28","7,0226","19","7,0210","19","7,0210",,,"1903",,,,"1903","7",,,,,,,,,,,,,,,,,,,"65.9","7","78.3","7","53.5","7",,,,,,,,
"USC00018637","WALLACE 2 E, AL US","31.2099","-87.1788","62.5","2016",,,,,,,"87","7","63","7",,,,,,,,,,,,,,,,,,,,,"2.23",",7,0518,",,,,,,,,,,,,,,,,,,,,,,,,,,,,,,,,,,,,,,,,,,,,,"53.93",",7",,,,,,,,,,,,,,,,
"USW00073801","NORTHPORT 2 S, AL US","33.2125","-87.5914","45.7","2016",,,"2561",,"2561","R","89","R","54","R",,,,,"0","R","42","R","0","R","264","R","110","R","20","R,0111,",,,,,"2.28",",R,0411,","100","R,0925,",,,"26","R,1120","26","R,1120","24","R,1210",,,,,"29","R,0227","27","R,0211","23","R,0210","20","R,0111",,,,,,,,,,,,,,,,,,,,,,,"37.62",",R",,,"66.2","R","78.3","R","54.2","R",,,,,,,,
"USW00073802","HIGHLAND HOME 2 S, AL US","31.9155","-86.3115","187.1","2016",,,"2373",,"2373","R","99","R","69","R",,,,,"0","R","18","R","0","R","266","R","64","R","23","R,0210,",,,,,"2.51",",R,0401,","96","R,0626,",,,"28","R,1209","26","R,1210",,,,,,,"29","R,0214","23","R,0210","23","R,0210",,,,,"1646",,,,"1646","R",,,,,,,,,,,,,,,"42.14",",R",,,"66.7","R","76.7","R","56.6","R",,,,,,,,
"US1ALBW0059","BAY MINETTE 10.9 N, AL US","31.0359","-87.7413","90.5","2016",,,,,,,"132","N","76","N",,,,,,,,,,,,,,,,,,,,,"2.60",",N,0402,",,,,,,,,,,,,,,,,,,,,,,,,,,,,,,,,,,,,,,,,,,,,,"65.17",",N",,,,,,,,,,,,,,,,
"USW00073803","TALLADEGA 10 NNE, AL US","33.5721","-86.0573","160.0","2016",,,"2265",,"2265","R","92","R","61","R",,,,,"0","R","53","R","0","R","250","R","92","R","17","R,0119,",,,,,"2.50",",R,0222,","99","R,0709,",,,"30","R,1111","27","R,1120","24","R,1121",,,,,"31","R,0322","27","R,0227","23","R,0211","19","R,0124",,,"2308",,,,"2308","R",,,,,,,,,,,,,,,"36.82",",R",,,"64.4","R","76.6","R","52.2","R",,,,,,,,
"US1ALJF0047","HOOVER 1.9 NW, AL US","33.3963","-86.8399","270.1","2016",,,,,,,"106","N","58","N",,,,,,,,,,,,,,,,,,,,,"3.65",",N,0203,",,,,,,,,,,,,,,,,,,,,,,,,,,,,,,,,,,,,,,,,,,,,,"41.64",",N",,,,,,,,,,,,,,,,
"US1ALCT0014","MUSCLE SHOALS 9.7 NNE, AL US","34.7754","-87.4736","196.9","2016",,,,,,,"68","N","56","N",,,,,,,,,,,,,,,,,,,,,"2.65",",N,1204,",,,,,,,,,,,,,,,,,,,,,,,,,,,,,,,,,,,,,,,,,,,,,"31.75",",N",,,,,,,,,,,,,,,,
"USC00010583","BAY MINETTE, AL US","30.884","-87.7852","82.6","2016",,,"2803",,"2803","7","95","7","74","7",,,,,"0","7","16","7","0","7","281","7","71","7","26","7,0124,",,,,,"2.50",",7,0325,","97","7,0627,",,,"32","7,1209","28","7,1210",,,,,,,"31","7,0211","28","7,0210",,,,,,,"1273",,,,"1273","7",,,,,,,,,,,,,,,"59.41",",7",,,"68.9","7","78.4","7","59.5","7",,,,,,,,
"USW00063857","GADSDEN 19 N, AL US","34.2851","-85.9621","351.1","2016",,,"1688",,"1688","R","92","R","62","R",,,,,"0","R","60","R","3","R","220","R","58","R","15","R,0119,",,,,,"2.97",",R,1130,","98","R,0625,",,,"32","R,1110","26","R,1121","20","R,1127","20","R,1127",,,"30","R,0322","27","R,0227","24","R,0214","17","R,0210","15","R,0119","2880",,,,"2880","R",,,,,,,,,,,,,,,"41.54",",R",,,"61.2","R","72.5","R","49.9","R",,,,,,,,
"USW00063858","SELMA 13 WNW, AL US","32.4567","-87.2422","58.8","2016",,,"2314",,"2314","R","88","R","69","R",,,,,"0","R","46","R","0","R","268","R","93","R","20","R,0119,",,,,,"3.05",",R,0203,","98","R,0802,",,,"26","R,1120","26","R,1120","22","R,1127","20","R,1210",,,"31","R,0228","27","R,0227","22","R,0210","20","R,0119",,,"1949",,,,"1949","R",,,,,,,,,,,,,,,"47.40",",R",,,"65.5","R","77.7","R","53.2","R",,,,,,,,
"USC00015121","MARION JUNCTION 2 NE, AL US","32.4715","-87.2313","61.0","2016",,,"2644",,"2644","7","97","7","60","7",,,,,"0","7","51","7","0","7","269","7","122","7","21","7,0120,+",,,,,"3.12",",7,0203,","102","7,0627,",,,"28","7,1120","28","7,1120","23","7,1210",,,,,"31","7,0322","28","7,0215","24","7,0211",,,,,"1909",,"85","7,3,2","1909","7","90","7,3,2","33","7,3,2","44","7,3,2","67","7,3,2",,,"72","7,3,2",,,"39.01",",7",,,"66.5","7","79.4","7","53.6","7",,,,,,,,
"USW00063862","VALLEY HEAD 1 SSW, AL US","34.5653","-85.6171","310.9","2016",,,"1634",,"1634","R","85","R","66","R",,,,,"0","R","73","R","2","R","220","R","47","R","11","R,0119,",,,,,"3.29",",R,1130,","95","R,0625,",,,"30","R,1110","27","R,1119","23","R,1120","17","R,1210",,,"31","R,0409","27","R,0305","23","R,0214","19","R,0210","14","R,0124","2962",,,,"2962","R",,,,,,,,,,,,,,,"43.77",",R",,,"60.6","R","72.5","R","48.7","R",,,,,,,,
"US1ALCT0012","CHEROKEE 5.9 SW, AL US","34.6854","-88.0248","204.2","2016",,,,,,,"73","N","64","N",,,,,,,,,,,,,,,,,,,,,"1.55",",N,1130,",,,,,,,,,,,,,,,,,,,,,,,,,,,,,,,,,,,,,,,,,,,,,"39.11",",N",,,,,,,,,,,,,,,,
"US1ALSC0011","ASHVILLE 2.7 SW, AL US","33.8083","-86.2996","180.4","2016",,,,,,,"101","N","57","N",,,,,,,,,,,,,,,,,,,,,"2.79",",N,0711,",,,,,,,,,,,,,,,,,,,,,,,,,,,,,,,,,,,,,,,,,,,,,"39.89",",N",,,,,,,,,,,,,,,,
"US1ALJF0011","VESTAVIA HILLS 1.7 NE, AL US","33.4511","-86.7672","228.0","2016",,,,,,,"102","N","64","N",,,,,,,,,,,,,,,,,,,,,"2.98",",N,0203,",,,,,,,,,,,,,,,,,,,,,,,,,,,,,,,,,,,,,,,,,,,,,"41.02",",N",,,,,,,,,,,,,,,,
"US1ALMD0025","HUNTSVILLE 4.4 ENE, AL US","34.7337","-86.5565","242.0","2016",,,,,,,"106","N","67","N",,,,,,,,,,,,,,,,,,,,,"4.50",",N,1130,",,,,,,,,,,,,,,,,,,,,,,,,,,,,,,,,,,,,,,,,,,,,,"44.35",",N",,,,,,,,,,,,,,,,
"USW00053820","EVERGREEN MIDDLETON FIELD, AL US","31.41556","-87.04417","78.6","2016","4.3","W","2504",,"2504","W","105","W","75","W",,,,,"0","W","37","W","0","W","286","W","99","W","24","W,0210,",,,,,"2.82",",W,0121,","100","W,0626,",,,"30","W,1120","25","W,1210",,,,,,,"32","W,0322","24","W,0210",,,,,,,"1543",,,,"1543","W",,,,,,,,,,,,,,,"55.85",",W",,,"67.2","W","79.6","W","54.8","W","200","W","210","W","38.0","W","53.9","W"
"USC00012758","EVERGREEN, AL US","31.4449","-86.9532","88.4","2016",,,"2431",,"2431","7","101","7","73","7",,,,,"0","7","41","7","0","7","280","7","89","7","23","7,0112,+",,,,,"2.98",",7,0805,","98","7,0627,+",,,"32","7,1120","26","7,1210",,,,,,,"31","7,0228","24","7,0211","24","7,0211",,,,,"1696",,,,"1696","7",,,,,,,,,,,,,,,"51.21",",7",,,"66.7","7","78.4","7","54.9","7",,,,,,,,
"US1ALBW0071","FAIRHOPE 2.2 E, AL US","30.5166","-87.8474","31.7","2016",,,,,,,"100","N","70","N",,,,,,,,,,,,,,,,,,,,,"4.95",",N,0402,",,,,,,,,,,,,,,,,,,,,,,,,,,,,,,,,,,,,,,,,,,,,,"64.27",",N",,,,,,,,,,,,,,,,
"USR0000AOKM","OAKMULGEE ALABAMA, AL US","32.9572","-87.1706","110.6","2016",,,"2491",,"2491","U",,,,,,,,,"0","U","48","U","0","U","270","U","112","U","21","U,0210,",,,,,,,"99","U,0915,+",,,"27","U,1120","27","U,1120","24","U,1210",,,,,"31","U,0322","28","U,0227","21","U,0210",,,,,"1887",,,,"1887","U",,,,,,,,,,,,,,,,,,,"66.1","U","78.6","U","53.5","U",,,,,,,,
"USR0000ABAN","BANKHEAD ALABAMA, AL US","34.14","-87.3622","245.1","2016",,,"2115",,"2115","U",,,,,,,,,"0","U","54","U","1","U","240","U","85","U","14","U,0119,+",,,,,,,"98","U,0925,+",,,"31","U,1120","26","U,1208","22","U,1209",,,,,"30","U,0322","27","U,0227","21","U,0214","17","U,0210","14","U,0119","2470",,,,"2470","U",,,,,,,,,,,,,,,,,,,"63.4","U","74.8","U","52.1","U",,,,,,,,
"USW00063868","COURTLAND 2 WSW, AL US","34.6602","-87.3462","175.3","2016",,,"2013",,"2013","R","88","R","58","R",,,,,"0","R","56","R","1","R","233","R","71","R","16","R,0111,",,,,,"2.37",",R,0331,+","97","R,0704,",,,"29","R,1120","25","R,1121","23","R,1127","19","R,1210",,,"32","R,0322","28","R,0227","23","R,0214","20","R,0210","16","R,0111","2680",,,,"2680","R",,,,,,,,,,,,,,,"43.41",",R",,,"62.7","R","73.9","R","51.4","R",,,,,,,,
"USW00063869","FAIRHOPE 3 NE, AL US","30.5485","-87.8757","29.0","2016",,,"2471",,"2471","R","110","R","68","R",,,,,"0","R","21","R","0","R","281","R","55","R","23","R,0124,",,,,,"4.28",",R,0401,","94","R,0702,+",,,"30","R,1121",,,,,,,,,"29","R,0228","24","R,0210","24","R,0210",,,,,"1357",,,,"1357","R",,,,,,,,,,,,,,,"59.65",",R",,,"67.6","R","77.8","R","57.4","R",,,,,,,,
"US1ALTS0017","COKER 0.6 S, AL US","33.237","-87.6869","58.2","2016",,,,,,,"105","N","64","N",,,,,,,,,,,,,,,,,,,,,"3.02",",N,0412,",,,,,,,,,,,,,,,,,,,,,,,,,,,,,,,,,,,,,,,,,,,,,"45.49",",N",,,,,,,,,,,,,,,,
"US1ALWX0001","PINE HILL 3.6 WSW, AL US","31.9652","-87.6387","53.9","2016",,,,,,,"105","N","66","N",,,,,,,,,,,,,,,,,,,,,"4.11",",N,0224,",,,,,,,,,,,,,,,,,,,,,,,,,,,,,,,,,,,,,,,,,,,,,"57.03",",N",,,,,,,,,,,,,,,,
"US1ALWX0002","CAMDEN 1.0 NNE, AL US","32.0166","-87.2904","79.9","2016",,,,,,,"86","N","70","N",,,,,,,,,,,,,,,,,,,,,"2.25",",N,0122,",,,,,,,,,,,,,,,,,,,,,,,,,,,,,,,,,,,,,,,,,,,,,"51.26",",N",,,,,,,,,,,,,,,,
"USW00063867","CULLMAN 3 ENE, AL US","34.1954","-86.7963","243.8","2016",,,"1786",,"1786","R","92","R","65","R",,,,,"0","R","67","R","1","R","236","R","70","R","16","R,0111,",,,,,"2.69",",R,0215,","96","R,0721,",,,"31","R,1111","27","R,1120","23","R,1121","19","R,1210",,,"27","R,0322","27","R,0322","23","R,0214","18","R,0210","16","R,0111","2803",,,,"2803","R",,,,,,,,,,,,,,,"40.88",",R",,,"61.8","R","73.9","R","49.7","R",,,,,,,,
"US1ALFY0001","WINFIELD 6.9 S, AL US","33.8303","-87.8117","157.9","2016",,,,,,,"95","N","62","N",,,,,,,,,,,,,,,,,,,,,"2.96",",N,1130,",,,,,,,,,,,,,,,,,,,,,,,,,,,,,,,,,,,,,,,,,,,,,"41.79",",N",,,,,,,,,,,,,,,,
"US1ALMR0001","GUIN 1.1 NW, AL US","33.9793","-87.9214","171.0","2016",,,,,,,"118","N","62","N",,,,,,,,,,,,,,,,,,,,,"3.82",",N,1130,",,,,,,,,,,,,,,,,,,,,,,,,,,,,,,,,,,,,,,,,,,,,,"43.82",",N",,,,,,,,,,,,,,,,
"USC00013043","FORT PAYNE, AL US","34.4406","-85.7236","279.5","2016",,,,,,,,,,,,,,,"0","7","51","7",,,,,,,"13","7,0119,",,,,,,,,,,,"29","7,1120","25","7,1121","21","7,1209","18","7,1211",,,"32","7,0322","26","7,0227","24","7,0214","17","7,0210","15","7,0125",,,,,,,,,,,,,,,,,,,,,,,,,,,,,"52.4","7",,,,,,,,
"USC00015465","MITCHELL DAM, AL US","32.80444","-86.44639","106.7","2016",,,,,,,"100","H","61","H",,,,,,,,,,,,,,,,,,,,,"3.42",",H,0401,",,,,,,,,,,,,,,,,,,,,,,,,,,,,,,,,,,,,,,,,,,,,,"44.73",",H",,,,,,,,,,,,,,,,
"USW00063872","EUFAULA WEEDON FIELD AIRPORT, AL US","31.95139","-85.12889","86.9","2016","3.6","W","2930",,"2930","W","99","W","64","W",,,,,"0","W","33","W","0","W","290","W","144","W","24","W,0124,",,,,,"2.14",",W,0203,","102","W,0625,",,,"31","W,1111","27","W,1127",,,,,,,"31","W,0228","26","W,0211",,,,,,,"1461",,,,"1461","W",,,,,,,,,,,,,,,"33.30",",W",,,"68.6","W","81.9","W","55.3","W","110","W","210","W","36.9","W","55.0","W"
"USC00016436","PINE APPLE, AL US","31.8812","-86.9865","80.8","2016",,,,,,,"78","7","66","7",,,,,,,,,,,,,,,,,,,,,"2.96",",7,0616,",,,,,,,,,,,,,,,,,,,,,,,,,,,,,,,,,,,,,,,,,,,,,"48.98",",7",,,,,,,,,,,,,,,,
"US1ALMD0030","HUNTSVILLE 7.6 SSE, AL US","34.6136","-86.5555","207.9","2016",,,,,,,"91","N","68","N",,,,,,,,,,,,,,,,,,,,,"3.48",",N,1130,",,,,,,,,,,,,,,,,,,,,,,,,,,,,,,,,,,,,,,,,,,,,,"41.11",",N",,,,,,,,,,,,,,,,
"USC00018859","WETUMPKA, AL US","32.59306","-86.17111","91.4","2016",,,"2841",,"2841","7","98","7","57","7",,,,,"0","7","26","7","0","7","273","7","118","7","25","7,0112,",,,,,"4.78",",7,0331,","98","7,0702,",,,"30","7,1120","27","7,1121",,,,,,,"28","7,0214","28","7,0214",,,,,,,,,,,,,,,,,,,,,,,,,,,"39.51",",7",,,"68.0","7","78.9","7","57.2","7",,,,,,,,
"US1ALMD0033","HAMPTON COVE 2.1 WNW, AL US","34.6706","-86.515","429.2","2016",,,,,,,"102","N","69","N",,,,,,,,,,,,,,,,,,,,,"4.05",",N,1130,",,,,,,,,,,,,,,,,,,,,,,,,,,,,,,,,,,,,,,,,,,,,,"44.32",",N",,,,,,,,,,,,,,,,
"US1ALDK0009","FORT PAYNE 1.4 WSW, AL US","34.4431","-85.7159","274.3","2016",,,,,,,"96","N","62","N",,,,,,,,,,,,,,,,,,,,,"3.49",",N,0203,",,,,,,,,,,,,,,,,,,,,,,,,,,,,,,,,,,,,,,,,,,,,,"44.49",",N",,,,,,,,,,,,,,,,
"US1ALDK0008","SYLVANIA 3.4 ESE, AL US","34.5346","-85.7563","396.8","2016",,,,,,,"115","N","69","N",,,,,,,,,,,,,,,,,,,,,"3.64",",N,1201,",,,,,,,,,,,,,,,,,,,,,,,,,,,,,,,,,,,,,,,,,,,,,"48.16",",N",,,,,,,,,,,,,,,,
"USC00013154","GADSDEN, AL US","34.0219","-85.9878","172.2","2016",,,,,,,"84","7","63","7",,,,,,,,,"1","7","252","7","104","7",,,,,,,"3.00",",7,0203,","99","7,0721,",,,,,,,,,,,,,,,,,,,,,,,,,,,,,,,,,,,,,,,,,,,"45.07",",7",,,,,"76.4","7",,,,,,,,,,
"USC00013160","GAINESVILLE LOCK, AL US","32.8347","-88.1341","38.1","2016",,,,,,,"97","7","53","7",,,,,,,,,,,,,,,,,,,,,"2.68",",7,0412,",,,,,,,,,,,,,,,,,,,,,,,,,,,,,,,,,,,,,,,,,,,,,"39.58",",7",,,,,,,,,,,,,,,,
"USC00017999","SYLACAUGA 4 NE, AL US","33.2053","-86.2114","149.4","2016",,,,,,,"94","7","66","7",,,,,,,,,"0","7","258","7","99","7",,,,,,,"3.03",",7,0224,","97","7,0925,+",,,,,,,,,,,,,,,,,,,,,,,,,,,,,,,,,,,,,,,,,,,"45.36",",7",,,,,"76.6","7",,,,,,,,,,
"US1ALEL0018","WETUMPKA 9.9 NNE, AL US","32.6784","-86.1402","171.6","2016",,,,,,,"92","N","61","N",,,,,,,,,,,,,,,,,,,,,"4.05",",N,0401,",,,,,,,,,,,,,,,,,,,,,,,,,,,,,,,,,,,,,,,,,,,,,"47.18",",N",,,,,,,,,,,,,,,,
"US1ALLE0004","AUBURN 0.6 ENE, AL US","32.5949","-85.4711","203.0","2016",,,,,,,"106","N","63","N",,,,,,,,,,,,,,,,,,,,,"3.72",",N,0401,",,,,,,,,,,,,,,,,,,,,,,,,,,,,,,,,,,,,,,,,,,,,,"40.31",",N",,,,,,,,,,,,,,,,
"USC00018608","WADLEY NR 2, AL US","33.13611","-85.58694","216.4","2016",,,,,,,"95","7","64","7",,,,,,,,,,,,,,,,,,,,,"3.01",",7,0903,",,,,,,,,,,,,,,,,,,,,,,,,,,,,,,,,,,,,,,,,,,,,,"46.80",",7",,,,,,,,,,,,,,,,
"US1ALLE0007","AUBURN 6.6 W, AL US","32.5844","-85.593","185.9","2016",,,,,,,"146","N","63","N",,,,,,,,,,,,,,,,,,,,,"3.87",",N,0401,",,,,,,,,,,,,,,,,,,,,,,,,,,,,,,,,,,,,,,,,,,,,,"45.48",",N",,,,,,,,,,,,,,,,
"US1ALMD0004","HUNTSVILLE 5.9 SE, AL US","34.647","-86.553","209.1","2016",,,,,,,"97","N","70","N",,,,,,,,,,,,,,,,,,,,,"4.56",",N,1130,",,,,,,,,,,,,,,,,,,,,,,,,,,,,,,,,,,,,,,,,,,,,,"50.98",",N",,,,,,,,,,,,,,,,
"US1ALRS0003","SEALE 1.4 W, AL US","32.2918","-85.1893","121.0","2016",,,,,,,"100","N","63","N","0",,"0","N",,,,,,,,,,,,,"0",",N,1231,+","0.0",",N,1231,+","1.88",",N,1206,",,,,,,,,,,,,,,,,,,,,,,,,,,,,,,,,,,,,,,,,,,,,,"37.06",",N","0.0",",N",,,,,,,,,,,,,,
"USC00018038","TALLAPOOSA WATER PLANT, AL US","32.4392","-86.2025","53.9","2016",,,,,,,"83","7","68","7",,,,,,,,,,,,,,,,,,,,,"5.50",",7,0331,",,,,,,,,,,,,,,,,,,,,,,,,,,,,,,,,,,,,,,,,,,,,,"56.04",",7",,,,,,,,,,,,,,,,
"USW00063895","RUSSELLVILLE 4 SSE, AL US","34.4535","-87.7104","219.5","2016",,,"1794",,"1794","R","85","R","63","R",,,,,"0","R","69","R","1","R","232","R","61","R","12","R,0111,",,,,,"3.83",",R,0331,","95","R,0726,",,,"32","R,1110","28","R,1111","23","R,1120","18","R,1127",,,"32","R,0409","28","R,0321","24","R,0227","14","R,0210","14","R,0210","2852",,,,"2852","R",,,,,,,,,,,,,,,"41.91",",R",,,"61.6","R","73.8","R","49.4","R",,,,,,,,
"US1ALBL0021","ARAB 7.0 S, AL US","34.2305","-86.4792","297.2","2016",,,,,,,"95","N","58","N",,,,,,,,,,,,,,,,,,,,,"1.67",",N,0216,",,,,,,,,,,,,,,,,,,,,,,,,,,,,,,,,,,,,,,,,,,,,,"36.24",",N",,,,,,,,,,,,,,,,
"US1ALEL0022","WETUMPKA 5.4 WNW, AL US","32.5741","-86.2877","58.8","2016",,,,,,,"95","N","60","N",,,,,,,,,,,,,,,,,,,,,"4.78",",N,0401,",,,,,,,,,,,,,,,,,,,,,,,,,,,,,,,,,,,,,,,,,,,,,"46.43",",N",,,,,,,,,,,,,,,,
"USW00063896","SCOTTSBORO 2 NE, AL US","34.6941","-85.9998","193.9","2016",,,"1916",,"1916","R","87","R","58","R",,,,,"0","R","68","R","1","R","237","R","85","R","14","R,0119,",,,,,"3.81",",R,1130,","98","R,0721,",,,"28","R,1111","28","R,1111","20","R,1121","19","R,1127",,,"30","R,0322","27","R,0227","22","R,0214","17","R,0124","14","R,0119","2761",,,,"2761","R",,,,,,,,,,,,,,,"39.85",",R",,,"62.1","R","74.8","R","49.3","R",,,,,,,,
"USW00063894","MUSCLE SHOALS 2 N, AL US","34.7728","-87.6399","161.5","2016",,,"2048",,"2048","R","100","R","64","R",,,,,"0","R","57","R","2","R","231","R","78","R","13","R,0111,",,,,,"2.13",",R,1204,","98","R,0625,",,,"30","R,1120","24","R,1121","24","R,1121","19","R,1210",,,"31","R,0322","26","R,0227","24","R,0213","19","R,0210","16","R,0119","2661",,,,"2661","R",,,,,,,,,,,,,,,"36.93",",R",,,"62.9","R","74.5","R","51.3","R",,,,,,,,
"USW00063891","CLANTON 2 NE, AL US","32.8516","-86.6115","178.0","2016",,,"2181",,"2181","R","94","R","69","R",,,,,"0","R","48","R","0","R","256","R","83","R","22","R,0119,",,,,,"3.98",",R,0501,","97","R,0626,",,,"29","R,1120","27","R,1121",,,,,,,"32","R,0228","27","R,0214","22","R,0210",,,,,"2053",,,,"2053","R",,,,,,,,,,,,,,,"46.59",",R",,,"64.8","R","76.4","R","53.3","R",,,,,,,,
"USW00063892","GAINESVILLE 2 NE, AL US","32.8369","-88.1374","32.6","2016",,,,,,,,,,,,,,,,,,,,,,,,,,,,,,,,,,,,,,,,,,,,,,,,,,,,,,,,,"1929",,,,"1929",,,,,,,,,,,,,,,,,,,,,,,,,,,,,,,,,
"USW00053852","DECATUR PRYOR FIELD, AL US","34.6525","-86.94528","180.4","2016","6.5","W","2168",,"2168","W","95","W","65","W","0",,"0","W","0","W","61","W","2","W","238","W","96","W","15","W,0119,","0","T,W,0124,+","0.4",",W,0122,","2.16",",W,0808,","99","W,0925,+",,,"32","W,1111","25","W,1121","22","W,1127",,,,,"30","W,0322","27","W,0227","21","W,0214","19","W,0124","15","W,0119","2712",,,,"2712","W",,,,,,,,,,,,,,,"39.75",",W","0.4",",W","63.2","W","74.9","W","51.4","W","160","W","200","W","38.9","W","53.0","W"
"USW00013839","DOTHAN REGIONAL AIRPORT, AL US","31.3167","-85.45","114.0","2016","6.9","W","2748",,"2748","W","92","W","62","W",,,,,"0","W","18","W","0","W","282","W","114","W","24","W,0124,",,,,,"4.30",",W,0401,","98","W,0626,",,,"30","W,1120",,,,,,,,,"32","W,0211","26","W,0210",,,,,,,"1378",,,,"1378","W",,,,,,,,,,,,,,,"55.21",",W",,,"68.4","W","79.7","W","57.1","W","340","W","350","W","44.1","W","53.9","W"
"USW00013838","MOBILE DOWNTOWN AIRPORT, AL US","30.62639","-88.06806","7.9","2016","6.7","W","2913",,"2913","W","110","W","69","W",,,,,"0","W","8","W","0","W","281","W","82","W","26","W,0124,",,,,,"4.15",",W,0311,","96","W,0617,",,,"31","W,1210",,,,,,,,,"29","W,0210","26","W,0124",,,,,,,"1165",,,,"1165","W",,,,,,,,,,,,,,,"57.32",",W",,,"69.5","W","78.6","W","60.4","W","350","W","210","W","36.9","W","70.0","W"
"USC00010425","AUBURN NUMBER 2, AL US","32.5992","-85.4653","166.1","2016",,,,,,,"111","7","70","7",,,,,,,,,"0","7","254","7","82","7",,,,,,,"4.00",",7,0401,","97","7,0702,+",,,,,,,,,,,,,,,,,,,,,,,"1910",,,,"1910","7",,,,,,,,,,,,,,,"41.85",",7",,,,,"76.1","7",,,,,,,,,,
"USC00013930","HOLT LOCK AND DAM, AL US","33.2533","-87.45","59.4","2016",,,,,,,"89","7","60","7",,,,,,,,,,,,,,,,,,,,,"2.87",",7,0616,",,,,,,,,,,,,,,,,,,,,,,,,,,,,,,,,,,,,,,,,,,,,,"38.56",",7",,,,,,,,,,,,,,,,
"USC00012172","DAUPHIN ISLAND NUMBER 2, AL US","30.2505","-88.0775","2.4","2016",,,,,,,,,,,,,,,,,,,"0","7","259","7","70","7",,,,,,,,,"96","7,0721,",,,,,,,,,,,,,,,,,,,,,,,,,,,,,,,,,,,,,,,,,,,"60.27",",7",,,,,"77.5","7",,,,,,,,,,
"USC00015553","MONTGOMERY 6 SW, AL US","32.26","-86.218","68.6","2016",,,"2970",,"2970","7","107","7","70","7",,,,,"0","7","25","7","0","7","289","7","133","7","24","7,1210,+",,,,,"2.27",",7,0122,","102","7,0924,",,,"29","7,1120","26","7,1121","24","7,1210",,,,,"32","7,0227","28","7,0211","24","7,0119",,,,,"1425",,,,"1425","7",,,,,,,,,,,,,,,"41.28",",7",,,"68.8","7","81.2","7","56.4","7",,,,,,,,
"USC00011080","BREWTON 3 ENE, AL US","31.1413","-87.0486","48.8","2016",,,"2075",,"2075","7",,,,,,,,,"0","7","52","7","0","7","276","7","80","7","19","7,0210,",,,,,,,"98","7,0627,",,,"31","7,1111","25","7,1119","24","7,1120",,,,,"31","7,0323","28","7,0228","20","7,0211","20","7,0211",,,,,,,,,,,,,,,,,,,,,,,"62.31",",",,,"64.7","7","77.4","7","52.0","7",,,,,,,,
"USC00013818","HIGHLAND HOME NUMBER 2, AL US","31.9477","-86.3131","169.2","2016",,,,,,,"81","7","71","7",,,,,,,,,,,,,,,,,,,,,"3.34",",7,0122,",,,,,,,,,,,,,,,,,,,,,,,,,,,,,,,,,,,,,,,,,,,,,"50.80",",7",,,,,,,,,,,,,,,,
"US1ALJC0008","WOODVILLE 1.7 NE, AL US","34.6388","-86.2577","182.9","2016",,,,,,,"76","N","49","N",,,,,,,,,,,,,,,,,,,,,"5.81",",N,1130,",,,,,,,,,,,,,,,,,,,,,,,,,,,,,,,,,,,,,,,,,,,,,"36.41",",N",,,,,,,,,,,,,,,,
"USC00018380","TUSCALOOSA ACFD, AL US","33.2119","-87.6161","51.5","2016",,,"2938",,"2938","7","97","7","65","7",,,,,"0","7","33","7","0","7","274","7","126","7","23","7,0210,+",,,,,"1.85",",7,0615,+","101","7,0804,",,,"30","7,1120","27","7,1209",,,,,,,"30","7,0227","23","7,0210","23","7,0210",,,,,"1611",,,,"1611","7",,,,,,,,,,,,,,,"42.22",",7",,,"68.1","7","79.6","7","56.7","7",,,,,,,,
"US1ALJC0007","LANGSTON 1.3 NE, AL US","34.5502","-86.0794","228.0","2016",,,,,,,"72","N","52","N",,,,,,,,,,,,,,,,,,,,,"1.64",",N,0203,",,,,,,,,,,,,,,,,,,,,,,,,,,,,,,,,,,,,,,,,,,,,,"34.00",",N",,,,,,,,,,,,,,,,
"USC00010655","BELLE MINA, AL US","34.6891","-86.8819","183.8","2016",,,"1924",,"1924","7","96","7","64","7",,,,,"0","7","71","7","2","7","228","7","81","7","14","7,0119,",,,,,"2.82",",7,1130,","98","7,0626,",,,"31","7,1111","27","7,1120","23","7,1127","19","7,1211",,,"31","7,0322","28","7,0229","22","7,0214","20","7,0211","15","7,0120","2855",,"84","7,3,2","2855","7","89","7,3,2","29","7,3,2","37","7,3,2","63","7,3,2",,,"67","7,3,2",,,"38.27",",7",,,"61.8","7","73.5","7","50.1","7",,,,,,,,
"USC00011620","CHILDERSBURG WATER PLANT, AL US","33.285","-86.3431","127.4","2016",,,,,,,"98","7","58","7",,,,,,,,,,,,,,,,,,,,,"3.00",",7,1129,",,,,,,,,,,,,,,,,,,,,,,,,,,,,,,,,,,,,,,,,,,,,,"37.62",",7",,,,,,,,,,,,,,,,
"USC00018024","TALLADEGA, AL US","33.4163","-86.135","136.6","2016",,,"2134",,"2134","7","77","7","62","7",,,,,"0","7","67","7","0","7","253","7","101","7","17","7,0120,",,,,,"2.85",",7,1129,","100","7,0710,",,,"30","7,1111","24","7,1121","24","7,1121",,,,,"29","7,0323","26","7,0228","23","7,0215","20","7,0210",,,"2389",,,,"2389","7",,,,,,,,,,,,,,,"40.90",",7",,,"63.6","7","76.9","7","50.3","7",,,,,,,,
"USC00013251","GENEVA NUMBER 2, AL US","31.03833","-85.87083","44.2","2016",,,"2291",,"2291","7","106","7","68","7",,,,,"0","7","43","7","0","7","278","7","96","7","24","7,0210,+",,,,,"5.90",",7,1205,","97","7,0709,+",,,"26","7,1120","26","7,1120",,,,,,,"32","7,0323","28","7,0214","24","7,0210",,,,,,,"96","7,3,2",,,"107","7,3,2","32","7,3,2","55","7,3,2","72","7,3,2",,,"84","7,3,2",,,"63.63",",7",,,"66.3","7","79.1","7","53.5","7",,,,,,,,
"USR0000ABNS","BON SECOUR ALABAMA, AL US","30.2528","-87.8125","4.6","2016",,,,,,,,,,,,,,,,,,,,,,,,,,,,,,,,,,,,,,,,,,,,,,,,,,,,,,,,,"850",,,,"850","U",,,,,,,,,,,,,,,,,,,,,,,,,,,,,,,,
"USC00018812","WEST POINT, AL US","34.2834","-86.9142","283.5","2016",,,"2082",,"2082","7","109","7","72","7",,,,,"0","7","51","7","1","7","238","7","76","7","15","7,0119,",,,,,"3.50",",7,1130,","98","7,0721,",,,"31","7,1120","26","7,1127","22","7,1209",,,,,"31","7,0322","28","7,0227","23","7,0214","17","7,0210","15","7,0119","2468",,,,"2468","7",,,,,,,,,,,,,,,"44.52",",7",,,"63.5","7","74.1","7","52.8","7",,,,,,,,
"US1ALLE0012","AUBURN 3.0 NNE, AL US","32.6327","-85.4605","204.2","2016",,,,,,,"97","N","63","N",,,,,,,,,,,,,,,,,,,,,"3.50",",N,0401,",,,,,,,,,,,,,,,,,,,,,,,,,,,,,,,,,,,,,,,,,,,,,"45.24",",N",,,,,,,,,,,,,,,,
"USR0000ATAL","TALLADEGA ALABAMA, AL US","33.4411","-86.0811","182.9","2016",,,"2386",,"2386","U",,,,,,,,,"0","U","55","U","0","U","268","U","111","U","17","U,0119,",,,,,,,"101","U,0709,",,,"31","U,1111","24","U,1121","24","U,1121",,,,,"30","U,0322","27","U,0227","23","U,0214","19","U,0124",,,"2074",,,,"2074","U",,,,,,,,,,,,,,,,,,,"65.1","U","78.1","U","52.1","U",,,,,,,,
"USC00010764","BESSEMER 3 WSW, AL US","33.3952","-87.0077","135.6","2016",,,"2318",,"2318","7","84","7","50","7",,,,,"0","7","49","7","0","7","257","7","100","7","18","7,0210,",,,,,"1.76",",7,0411,","98","7,0924,+",,,"32","7,1120","28","7,1121","23","7,1210",,,,,"32","7,0322","26","7,0214","18","7,0210","18","7,0210",,,"2112",,,,"2112","7",,,,,,,,,,,,,,,"33.35",",7",,,"65.2","7","76.8","7","53.6","7",,,,,,,,
"USC00014209","JACKSONVILLE, AL US","33.8256","-85.7812","185.3","2016",,,,,,,"94","7","54","7",,,,,,,,,,,,,,,,,,,,,"3.20",",7,0224,",,,,,,,,,,,,,,,,,,,,,,,,,,,,,,,,,,,,,,,,,,,,,"31.73",",7",,,,,,,,,,,,,,,,
"USC00010402","ATMORE, AL US","31.182","-87.439","91.4","2016",,,"2940",,"2940","7","90","7","70","7",,,,,"0","7","20","7","0","7","285","7","114","7","26","7,0125,+",,,,,"2.45",",7,0122,","101","7,0627,",,,"31","7,1209","28","7,1210",,,,,,,"27","7,0211","27","7,0211",,,,,,,"1375",,,,"1375","7",,,,,,,,,,,,,,,"53.04",",7",,,"68.8","7","80.0","7","57.6","7",,,,,,,,
"USC00011178","BRUNDIDGE, AL US","31.7055","-85.8369","138.7","2016",,,,,,,"81","7","69","7",,,,,,,,,,,,,,,,,,,,,"2.47",",7,0318,",,,,,,,,,,,,,,,,,,,,,,,,,,,,,,,,,,,,,,,,,,,,,"45.92",",7",,,,,,,,,,,,,,,,
"USC00016196","OWENS CROSS ROADS 3 S, AL US","34.5528","-86.445","179.8","2016",,,"1871",,"1871","7","87","7","62","7",,,,,"0","7","74","7","3","7","234","7","86","7","15","7,0120,+",,,,,"3.09",",7,1130,","97","7,0926,+",,,"28","7,1111","28","7,1111","24","7,1120","20","7,1127",,,"29","7,0323","26","7,0228","21","7,0215","20","7,0212","15","7,0120","2940",,,,"2940","7",,,,,,,,,,,,,,,"43.94",",7",,,"61.4","7","74.2","7","48.7","7",,,,,,,,
"US1ALJC0012","WOODVILLE 8.0 NNE, AL US","34.7345","-86.21","463.0","2016",,,,,,,"110","N","67","N",,,,,,,,,,,,,,,,,,,,,"4.99",",N,1130,",,,,,,,,,,,,,,,,,,,,,,,,,,,,,,,,,,,,,,,,,,,,,"47.08",",N",,,,,,,,,,,,,,,,
"USW00093806","TUSCALOOSA AIRPORT ASOS, AL US","33.2119","-87.6161","45.7","2016","4.9","W","2436",,"2436","W","87","W","60","W",,,,,"0","W","43","W","0","W","261","W","103","W","20","W,0210,",,,,,"2.20",",W,0411,","99","W,0924,",,,"27","W,1120","27","W,1120",,,,,,,"29","W,0227","26","W,0214","20","W,0210",,,,,"1998",,,,"1998","W",,,,,,,,,,,,,,,"37.52",",W",,,"65.8","W","77.8","W","53.9","W","170","W","170","W","38.9","W","53.0","W"
"USC00016988","ROBERTSDALE, AL US","30.5654","-87.7018","49.1","2016",,,"2576",,"2576","7","72","7","66","7",,,,,"0","7","22","7","0","7","285","7","69","7","24","7,0124,",,,,,"4.17",",7,0402,","96","7,0710,+",,,"29","7,1210",,,,,,,,,"32","7,0214","25","7,0211","24","7,0124",,,,,"1403",,,,"1403","7",,,,,,,,,,,,,,,"66.87",",7",,,"67.8","7","78.4","7","57.3","7",,,,,,,,
"USC00015537","MONTEVALLO, AL US","33.098","-86.8658","125.0","2016",,,,,,,"97","7","75","7",,,,,,,,,,,,,,,,,,,,,"3.75",",7,1129,",,,,,,,,,,,,,,,,,,,,,,,,,,,,,,,,,,,,,,,,,,,,,"45.04",",7",,,,,,,,,,,,,,,,
"USC00015658","MOUNDVILLE, AL US","32.9963","-87.632","36.6","2016",,,,,,,"85","7","59","7",,,,,,,,,,,,,,,,,,,,,"3.83",",7,0614,",,,,,,,,,,,,,,,,,,,,,,,,,,,,,,,,,,,,,,,,,,,,,"40.13",",7",,,,,,,,,,,,,,,,
"US1ALMS0011","GUNTERSVILLE 2.0 ENE, AL US","34.3648","-86.2361","296.9","2016",,,,,,,"96","N","64","N",,,,,,,,,,,,,,,,,,,,,"2.08",",N,0203,",,,,,,,,,,,,,,,,,,,,,,,,,,,,,,,,,,,,,,,,,,,,,"40.48",",N",,,,,,,,,,,,,,,,
"USC00016508","PLANTERSVILLE 2 SSE, AL US","32.613","-86.9055","70.1","2016",,,,,,,"86","7","69","7",,,,,,,,,,,,,,,,,,,,,"3.98",",7,1129,",,,,,,,,,,,,,,,,,,,,,,,,,,,,,,,,,,,,,,,,,,,,,"67.89",",7",,,,,,,,,,,,,,,,
"USC00018809","WEST BLOCTON, AL US","33.1186","-87.1268","152.4","2016",,,,,,,"71","7","62","7",,,,,,,,,,,,,,,,,,,,,"3.20",",7,0203,",,,,,,,,,,,,,,,,,,,,,,,,,,,,,,,,,,,,,,,,,,,,,"47.43",",7",,,,,,,,,,,,,,,,
"US1ALMS0013","ALBERTVILLE 4.8 WNW, AL US","34.2785","-86.2912","313.0","2016",,,,,,,"80","N","59","N",,,,,,,,,,,,,,,,,,,,,"2.57",",N,0203,",,,,,,,,,,,,,,,,,,,,,,,,,,,,,,,,,,,,,,,,,,,,,"42.10",",N",,,,,,,,,,,,,,,,
"US1ALMB0063","TILLMANS CORNER 8.7 WNW, AL US","30.6117","-88.3342","26.2","2016",,,,,,,"119","N","80","N",,,,,,,,,,,,,,,,,,,,,"6.53",",N,0605,",,,,,,,,,,,,,,,,,,,,,,,,,,,,,,,,,,,,,,,,,,,,,"66.45",",N",,,,,,,,,,,,,,,,
"USC00012813","FAIRHOPE 2 NE, AL US","30.5468","-87.8807","7.0","2016",,,"2552",,"2552","7","116","7","81","7",,,,,"0","7","26","7","0","7","292","7","96","7","24","7,0211,+",,,,,"4.34",",7,0402,","97","7,0703,",,,"30","7,1121","27","7,1210",,,,,,,"24","7,0211","24","7,0211","24","7,0211",,,,,"1421",,"87","7,3,2","1421","7","100","7,3,2","43","7,3,2","45","7,3,2","67","7,3,2",,,"76","7,3,2",,,"62.58",",7",,,"67.7","7","79.4","7","55.8","7",,,,,,,,
"USC00011725","CLAYTON, AL US","31.8709","-85.4501","173.4","2016",,,,,,,,,,,,,,,,,,,,,,,,,,,,,,,,,,,,,,,,,,,,,,,,,,,,,,,,,,,,,,,,,,,,,,,,,,,,,"46.68",",7",,,,,,,,,,,,,,,,
"US1ALMB0060","MOBILE 5.0 WNW, AL US","30.7363","-88.1818","55.5","2016",,,,,,,"93","N","81","N",,,,,,,,,,,,,,,,,,,,,"4.86",",N,0605,",,,,,,,,,,,,,,,,,,,,,,,,,,,,,,,,,,,,,,,,,,,,,"63.96",",N",,,,,,,,,,,,,,,,
"US1ALCT0004","MUSCLE SHOALS 1.3 SSW, AL US","34.7293","-87.6472","154.8","2016",,,,,,,"105","N","68","N",,,,,,,,,,,,,,,,,,,,,"2.82",",N,1130,",,,,,,,,,,,,,,,,,,,,,,,,,,,,,,,,,,,,,,,,,,,,,"40.28",",N",,,,,,,,,,,,,,,,
"USC00011288","CALERA, AL US","33.0944","-86.7455","161.5","2016",,,,,,,"113","7","65","7",,,,,,,,,,,,,,,,,,,,,"4.32",",7,1129,",,,,,,,,,,,,,,,,,,,,,,,,,,,,,,,,,,,,,,,,,,,,,"50.81",",7",,,,,,,,,,,,,,,,
"USC00012377","DOTHAN, AL US","31.1941","-85.3708","83.8","2016",,,,,,,,,,,,,,,,,,,,,,,,,,,,,,,,,,,,,,,,,,,,,,,,,,,,,,,,,,,,,,,,,,,,,,,,,,,,,"60.60",",7",,,,,,,,,,,,,,,,
"US1ALLD0009","CLOVERDALE 6.6 WSW, AL US","34.9129","-87.8829","224.0","2016",,,,,,,"124","N","69","N",,,,,,,,,,,,,,,,,,,,,"2.19",",N,0122,",,,,,,,,,,,,,,,,,,,,,,,,,,,,,,,,,,,,,,,,,,,,,"49.05",",N",,,,,,,,,,,,,,,,
"USC00017025","ROCK MILLS, AL US","33.158","-85.2911","228.6","2016",,,"1930",,"1930","7",,,,,,,,,"0","7","56","7","0","7","244","7","90","7","15","7,0119,",,,,,,,"99","7,0625,",,,"27","7,1112","27","7,1112","24","7,1120","19","7,1210",,,"28","7,0322","28","7,0322","20","7,0212","20","7,0212","15","7,0119",,,,,,,,,,,,,,,,,,,,,"38.21",",7",,,"63.4","7","76.5","7","50.3","7",,,,,,,,
"US1ALMS0029","GUNTERSVILLE 4.7 W, AL US","34.3562","-86.3525","185.0","2016",,,,,,,"111","N","57","N",,,,,,,,,,,,,,,,,,,,,"1.93",",N,0203,",,,,,,,,,,,,,,,,,,,,,,,,,,,,,,,,,,,,,,,,,,,,,"35.26",",N",,,,,,,,,,,,,,,,
"US1ALTS0004","TUSCALOOSA 4.4 SE, AL US","33.1853","-87.4979","128.9","2016",,,,,,,"94","N","60","N",,,,,,,,,,,,,,,,,,,,,"2.20",",N,0412,",,,,,,,,,,,,,,,,,,,,,,,,,,,,,,,,,,,,,,,,,,,,,"43.14",",N",,,,,,,,,,,,,,,,
"US1ALTS0003","HOLT 11.4 SSE, AL US","33.0786","-87.4009","68.0","2016",,,,,,,"88","N","66","N",,,,,,,,,,,,,,,,,,,,,"2.31",",N,0401,",,,,,,,,,,,,,,,,,,,,,,,,,,,,,,,,,,,,,,,,,,,,,"38.57",",N",,,,,,,,,,,,,,,,
"US1ALCT0001","TUSCUMBIA 8.9 SW, AL US","34.6224","-87.7941","236.2","2016",,,,,,,"117","N","74","N",,,,,,,,,,,,,,,,,,,,,"2.47",",N,0122,",,,,,,,,,,,,,,,,,,,,,,,,,,,,,,,,,,,,,,,,,,,,,"42.26",",N",,,,,,,,,,,,,,,,
"US1ALMS0021","ALBERTVILLE 2.8 SE, AL US","34.2368","-86.1708","337.4","2016",,,,,,,"93","N","61","N",,,,,,,,,,,,,,,,,,,,,"2.52",",N,0224,",,,,,,,,,,,,,,,,,,,,,,,,,,,,,,,,,,,,,,,,,,,,,"37.24",",N",,,,,,,,,,,,,,,,
"US1ALMS0020","UNION GROVE 7.2 WNW, AL US","34.4222","-86.5691","286.5","2016",,,,,,,"112","N","57","N",,,,,,,,,,,,,,,,,,,,,"2.41",",N,0216,",,,,,,,,,,,,,,,,,,,,,,,,,,,,,,,,,,,,,,,,,,,,,"37.81",",N",,,,,,,,,,,,,,,,
